real,previsto,erro_abs,erro_rel_percent
2443.8,3888.35,1444.55,59.110813
4145.6,3024.73,1120.8701,27.037584
4116.59,3305.9,810.68994,19.693241
3674.16,2869.31,804.84985,21.905685
1379.46,2154.3079,774.8479,56.17038
3696.09,2931.5425,764.5476,20.685308
2341.87,3103.4949,761.62476,32.522076
3479.63,2719.9,759.73,21.833643
3368.31,2616.4565,751.8535,22.321386
3399.92,2690.68,709.24,20.86049
