decil,0
0,14.437038
1,15.016109
2,13.067186
3,13.869278
4,16.152418
5,15.7577305
6,17.118946
7,17.496798
8,21.461369
9,20.942705
