decile,MAE_kWh
0,0.5421227641839981
1,0.4735079872575145
2,0.502707502936005
3,0.5188200193838622
4,0.527534495599605
5,0.46744011633664956
6,0.5827385237669074
7,0.5763193718222994
8,0.5512769183609997
9,0.8136658731197087
