real,previsto,erro_abs,erro_rel_percent
51.35,41.665714,9.684284,18.859365
40.85,47.8125,6.9625015,17.044067
47.67,40.730625,6.939373,14.557108
47.05,40.623528,6.4264717,13.658814
53.88,47.52,6.3600006,11.80401
31.78,37.920002,6.1400013,19.320332
39.25,45.27,6.0200005,15.337581
41.56,35.66594,5.894062,14.1820545
51.38,45.550526,5.8294754,11.345806
44.1,38.3,5.799999,13.151926
