decil,0
0,0.91436505
1,0.6190132
2,1.004594
3,1.0619179
4,0.7327395
5,1.062013
6,1.0392013
7,1.2857066
8,0.92763174
9,1.0809253
