real,previsto,erro_abs,erro_rel_percent
35.88,30.76,5.120001,14.26979
28.96,32.97,4.010002,13.846692
31.78,27.88,3.9000015,12.271873
25.85,22.25,3.6000004,13.9265
30.97,27.726667,3.243332,10.472496
33.05,36.18,3.130001,9.470503
28.29,31.3225,3.0324993,10.719333
25.28,22.27,3.0100002,11.906646
35.59,38.48,2.8899994,8.120256
38.95,36.14,2.8100014,7.2143807
