real,previsto,erro_abs,erro_rel_percent
2498.61,1552.22,946.39014,37.876663
3941.27,3072.6133,868.65674,22.040022
2375.78,3147.0186,771.2385,32.46254
1273.23,2011.8,738.57007,58.00759
3783.83,3072.6133,711.2168,18.796215
2947.55,3653.91,706.35986,23.964304
2260.44,2913.78,653.3401,28.903229
2226.78,1591.17,635.61,28.543905
3012.98,2387.73,625.25,20.75188
3027.88,2413.088,614.792,20.30437
